,date,XLB,XLE,XLF,XLI,XLK,XLP,XLU,XLV,XLY
72,2022-01-13,86.45573903674256,55.2104398886011,38.20406153401508,102.24767143047909,166.66699711072613,71.98056914668818,66.43414767918726,132.07105981771133,202.87546673403313
73,2022-01-14,86.43130494426319,55.55281249146992,38.302989086042516,102.30058138148928,166.79942127715486,72.08224672784512,66.45884327565413,132.03109616196843,203.0263680010048
74,2022-01-18,86.33324062218253,56.00778135053934,38.34837320646584,102.28328060523681,166.81878880597657,72.20468363032617,66.51132454892671,131.96311967289847,203.14884870142538
75,2022-01-19,86.17902691459139,56.43036306910166,38.33367402887253,102.1639360647267,166.74716366395646,72.2528995598758,66.46939713666957,131.8085178686144,203.20563251573785
76,2022-01-20,86.00380770531754,56.8053958130576,38.27792822136947,101.98409505808974,166.48612586615693,72.29386414540738,66.46240297306575,131.62491997725397,202.98053207552175
77,2022-01-21,85.7687951976092,57.00157712042602,38.188993281682244,101.7020244151291,166.04924640713787,72.33876869265745,66.49042658918833,131.44246371608563,202.70846844029222
78,2022-01-24,85.36893869451602,57.11799074888787,38.078417454931675,101.46998759752516,165.54964650984624,72.34179170604833,66.51634319004441,131.2517454838159,202.36794706391814
79,2022-01-25,85.10085270805035,57.28257713252666,37.99480305529788,101.34996804793312,165.18967204438934,72.36181228455024,66.45527418590106,131.06976435197612,202.08084679952844
80,2022-01-26,84.80914091524481,57.73047682186011,37.917821653085625,101.12952377760607,164.76953633475594,72.35326814059337,66.32399116781724,130.9436175152553,201.70957389248954
81,2022-01-27,84.47836306324605,58.04512956394914,37.85467365501229,100.86280225420445,164.3401568483402,72.2941006727145,66.1561719414717,130.74052612338886,201.27042598533455
82,2022-01-28,84.25110877741768,58.48731220906081,37.76826015116237,100.56685479410265,163.90495660816018,72.2729395789783,66.09301157596427,130.58877509507585,200.55655867236135
83,2022-01-31,84.0677272031941,58.87011568273381,37.73079044185904,100.37615983708281,163.55584862615223,72.31569269976367,66.12534627681491,130.66226836357134,199.91140703508626
84,2022-02-01,84.02414931727135,59.20790496643105,37.717076038453904,100.25558267129264,163.6142337734797,72.40469500933952,66.21808625634604,130.8600409465658,199.71315089470497
85,2022-02-02,84.07569743455329,59.785690605302165,37.72096167110881,100.25184077312099,163.76268317738698,72.45224023816897,66.21610760307942,131.0419956823318,199.7500641952607
86,2022-02-03,84.12565216809301,60.39869743975815,37.75949893771946,100.25776911375371,163.96745099774287,72.54797871584734,66.26282824025932,131.34328706777654,199.76709742892814
87,2022-02-04,84.02453358445243,60.83823043395741,37.77497765635138,100.16254391949778,164.0622864963125,72.68016831962161,66.26958759532677,131.55859984181535,199.65439913528007
88,2022-02-07,83.78229619121026,61.301633980758304,37.84464482505744,99.96805815060469,163.9652308766816,72.74196674877959,66.25600940036267,131.6925797134382,199.58916079948938
89,2022-02-08,83.54216232951967,61.79511910090379,37.89674645066978,99.78111487449681,163.8670692331038,72.76001734642227,66.23053737033548,131.7588602547661,199.5881195081435
90,2022-02-09,83.49933310207041,62.15772568261033,37.99688298116641,99.69584850988466,163.79271536047023,72.76882717858714,66.2311447417496,131.8994325458221,199.74934771038966
91,2022-02-10,83.5875091695346,62.51361232928512,38.09197836463673,99.66582527984855,163.92393662494212,72.78415609214801,66.22714360428958,132.07105321869287,199.9437539387306
92,2022-02-11,83.6116616869244,62.80211419128628,38.15999849420146,99.51417813080822,164.02313163395934,72.75820289036773,66.1682974542907,132.02933422404186,200.13705200380434
93,2022-02-14,83.51365036721356,63.26169572996702,38.200122437262394,99.30939602773037,163.8641709659729,72.72814448176402,66.06959646871583,131.8492536095161,199.99671650039755
94,2022-02-15,83.39332504981547,63.51478478088187,38.189974606573784,99.14329487987013,163.52975614880677,72.7259088126968,65.94136596160503,131.5785816696868,199.75228052179511
95,2022-02-16,83.42363909269491,63.67916203577446,38.202121304660096,99.12983382919248,163.32183979312762,72.75035860803189,65.82884884174919,131.34959572941625,199.56019570443635
96,2022-02-17,83.47910607269418,63.89234355284606,38.21654626317124,99.12711422738406,163.2651823036442,72.76234049819212,65.7749806327217,131.14509874661962,199.30164975044033
97,2022-02-18,83.3832247857198,64.02484052113859,38.161212646615596,98.92079134270612,163.1131403402014,72.81842339077825,65.74371978957747,130.9288819070529,198.82992566448223
98,2022-02-22,83.30497341200129,64.13381205077025,38.12271677156453,98.72574795761491,162.8444733991186,72.88639745072189,65.78090720018008,130.67563797495427,198.47422436197382
99,2022-02-23,83.13096000664046,64.14276749998547,38.09617443398843,98.4766353667858,162.46020677266773,72.95285190371985,65.80019280796861,130.48283445285387,198.2263301497272
100,2022-02-24,82.9468529624802,64.40545586940803,38.005520019930614,98.1642382288392,162.00508195510884,72.98319868123221,65.69393098752211,130.24651700308357,197.676738487985
101,2022-02-25,82.70855762049214,64.50027257651384,37.91479489529186,98.0582618029737,161.70375097833923,72.94035483764412,65.63493456005993,130.07973341073782,197.27515349433548
102,2022-02-28,82.80236187709986,64.82494650027101,37.90214804919404,98.06688528856407,161.65239755990035,73.00010228344041,65.67229729436973,130.10777264013865,197.1628468790836
103,2022-03-01,82.75144978825557,65.23072838125398,37.84086267130148,98.07955393727596,161.62730615532433,73.03436310187047,65.72328518535089,130.1118442345233,197.18344343084294
104,2022-03-02,82.47212067409535,65.71712269765527,37.71263161974477,97.92264367394452,161.4952937204379,73.00038741224898,65.77499002506315,130.02560166237933,197.0894310626315
105,2022-03-03,82.452095716254,66.37833834396858,37.67918206566496,98.01016985157015,161.38768647089034,72.99641504952956,65.83358571262323,130.0449697815348,196.99160699490614
106,2022-03-04,82.39232560635631,66.92372448004217,37.61470781303697,98.0005045041359,161.2081553721254,73.09186515829927,65.97035072733655,130.05467033865864,196.50763579421917
107,2022-03-07,82.28199123566617,67.77848620548365,37.5072294546611,97.94589724768053,160.7241366881001,73.17867716020928,66.14345158036053,130.06858766857306,195.66792507849732
108,2022-03-08,81.84815358823278,68.45973906417888,37.327431418469885,97.64394318502346,160.01538524050252,73.1912941099886,66.33791687941519,129.91558942577268,194.43298220164917
109,2022-03-09,81.40115810249569,69.10866041267388,37.12676168836404,97.33824722419472,159.07175305779083,73.02429287076771,66.4513450563922,129.57849836522803,193.1817321291362
110,2022-03-10,81.3047799183044,69.36976640892324,37.01910051726673,97.212671078102,158.33557706021102,72.88481628187435,66.49954655274158,129.38677708215369,192.27369741611244
111,2022-03-11,81.20052094425297,70.01349353506197,36.90335764416282,97.1254383826859,157.91289022964907,72.70477363976137,66.61152517835396,129.2518733479476,191.82465246460552
112,2022-03-14,80.97523105875544,70.35145795120675,36.78706805754288,96.95693557207758,157.48937186283504,72.49336034850523,66.70099036149762,128.96927698177626,191.1701960771386
113,2022-03-15,80.89411093177132,70.48021944741205,36.71831840174068,96.91169528947674,156.79969731002936,72.31354775349918,66.8963354098686,128.89662838764258,190.32853652256753
114,2022-03-16,80.87496382567984,70.307122657013,36.70051140788277,97.02035707755952,156.32086159953616,72.25655115268557,67.06608319699299,129.11279903408013,189.88073347817044
115,2022-03-17,80.93746355762241,70.03087079462281,36.719189349140024,97.163581287186,156.3493356612928,72.30084008091711,67.19000575015622,129.4716206623859,189.6490222708776
116,2022-03-18,81.19627081672436,70.11038916733933,36.768669509312744,97.49279006436919,156.6171145539511,72.38887360056384,67.30023113869692,129.93967584312105,189.7819540972837
117,2022-03-21,81.4311276299714,70.03840355024937,36.82133509492425,97.80809267619026,157.05933037668467,72.47680667710756,67.35475994240679,130.4493840283227,190.06784111395842
118,2022-03-22,81.70036310533217,70.34144037520666,36.87318492188252,98.05008832343798,157.3397599228084,72.5233507150069,67.43693666858103,130.83764387794108,190.03086094148136
119,2022-03-23,81.96643500174531,70.59785900300677,36.92890658430916,98.26296075275884,157.4187477935844,72.61089173943881,67.53065658240402,131.178450185874,189.93330436144117
120,2022-03-24,82.16716160148707,71.03240381302335,36.94706885572007,98.38643850105333,157.3584493055605,72.66158958566305,67.65161428644781,131.30189142502962,189.77584009305085
121,2022-03-25,82.50879500135119,71.35709318964354,37.00675548462412,98.60992031224913,157.18423842417508,72.71085530764421,67.78528609004181,131.44448301573183,189.5174947548187
122,2022-03-28,82.91674099113561,71.97533957485399,37.06277896050599,98.87247438827525,157.05853920627013,72.79536035828485,67.98015839055952,131.57804714919223,189.5061265281983
123,2022-03-29,83.1742530048255,72.26085697391066,37.1239919031693,99.05051537069369,157.0406087012626,72.84620076891338,68.20734660724497,131.762278546324,189.82062517405637
124,2022-03-30,83.50455052284792,72.51986550155284,37.194123002272235,99.2976224997576,157.2574055411868,72.88863959998929,68.37541316524883,131.9031411941919,190.08995661364435
125,2022-03-31,83.76100911443797,72.80611433612576,37.25512726248937,99.41469255314377,157.461656678823,72.9232276685292,68.53956624764625,132.03969468301085,190.45615680779633
126,2022-04-01,83.89272331604757,72.97961290096333,37.27389488545902,99.45271806476003,157.6549202354978,72.92299762142227,68.73286063479945,132.12038748063702,190.78822366269222
127,2022-04-04,84.19748362976908,73.24217764748172,37.28887173143113,99.47287540118539,157.87396948915324,72.98987328743289,68.94726274398354,132.30983210234558,191.1648558765665
128,2022-04-05,84.4150318566272,73.29047711613542,37.27385694319608,99.43505532711579,158.18214651195902,73.05131854568023,69.14144940357501,132.4535389271661,191.62958707018322
129,2022-04-06,84.55397094377062,73.22009653641774,37.244603458467964,99.26848949909044,158.41234480992574,73.10921265422081,69.35012531525176,132.55595569353494,191.93620438245992
130,2022-04-07,84.56510144142933,73.2127141886579,37.21978231991078,99.01951386662577,158.33235586638034,73.2149630412002,69.60462959167015,132.8055305713745,191.94504102920268
131,2022-04-08,84.57277353445838,73.23364766709496,37.18674668142669,98.82954283238946,158.18175092675173,73.38177635461544,69.8121878147137,133.15894760356844,191.76728590926461
132,2022-04-11,84.65986967863785,73.52313748213851,37.177161086088944,98.59639078238926,157.93943480437426,73.54939321285482,70.00258622991814,133.48571120023632,191.52104438878717
133,2022-04-12,84.75616835927441,73.49674399210123,37.14589666142491,98.42592653234716,157.48338157255338,73.698641943642,70.10150950090744,133.5867355737119,191.07441637957857
134,2022-04-13,84.83877255261304,73.71015833230898,37.086646368544685,98.29386442942358,156.8966964174878,73.82350568109601,70.19805024794755,133.51445652461152,190.65647642460624
135,2022-04-14,85.01316691250682,74.05034590034684,37.04913354303347,98.266595040787,156.34576732125979,73.97036969821147,70.27920947046411,133.41442860292216,190.42343733201906
136,2022-04-18,85.16641001420095,74.36174169400681,36.944380128996144,98.26628688446698,155.85573412745035,74.08869167356883,70.40627219645395,133.27891775901853,189.9002982917155
137,2022-04-19,85.26321552999877,74.78517486532151,36.871039459378,98.16256048887465,155.31678561178566,74.1506035062302,70.49530846267115,133.1519394459728,189.28852529629904
138,2022-04-20,85.46172265550501,75.19101443699309,36.808850365768095,98.33527476918991,154.98063506360796,74.23427585114581,70.60159846014201,133.21408240273155,188.91133900079117
139,2022-04-21,85.6993256540375,75.53448625351803,36.74832210848605,98.48843335160937,154.8332593909776,74.40059666934624,70.71399034877844,133.49796557750096,188.3097305374118
140,2022-04-22,85.70069046505992,75.5739940733045,36.67819790797637,98.57376819540377,154.53230785308028,74.63557520861087,70.70506136283478,133.71901289857425,187.68087654266986
141,2022-04-25,85.38616777735024,75.54566794519891,36.55251588663003,98.4450468982988,154.1225219441761,74.73444362298335,70.63724552674594,133.55244047481892,187.0766887337548
142,2022-04-26,85.07043928572753,75.06924793678128,36.419509283887606,98.25466988033929,153.54278778632414,74.80742363757747,70.60113510463022,133.4144352019406,186.4636547249653
143,2022-04-27,84.63756893154306,74.72601924530119,36.21160292944978,97.82266895926415,152.82138568526113,74.82571076252728,70.52796876469225,133.04941709530874,185.36650621851464
144,2022-04-28,84.47444751317681,74.52785791108452,36.041461199177235,97.51325555711455,152.01201835116711,74.82225033562324,70.45245747017088,132.71912962278768,184.15163447118707
145,2022-04-29,84.4928128343137,74.44953043901137,35.91683983654495,97.3483968172747,151.54969226820222,74.84907836442983,70.46666808279299,132.56432324893157,183.08774996901568
146,2022-05-02,84.35772966957347,74.19797431210804,35.71972460661743,96.93377982574474,151.19329421594583,74.80778976888848,70.36332414975865,132.28517816941041,181.9375147101871
147,2022-05-03,84.276804988828,74.16110996208877,35.58633168265233,96.64971839512938,150.71860004037782,74.68758853547465,70.19713606004589,132.0276052812075,181.0130486107876
148,2022-05-04,84.3378802820821,74.38109692003414,35.45861802559028,96.45780548693995,150.3439404832466,74.57434379696994,70.00805883420617,131.83869517999355,180.40104634021242
149,2022-05-05,84.65702742655714,74.91462040826312,35.41651763555974,96.5259422732552,150.11461408736938,74.56396575635793,69.96978191199472,131.78313144463107,180.20559882052555
150,2022-05-06,84.61494685758133,75.27395304339126,35.31887494652737,96.27188450719531,150.00389059516857,74.53290615682411,69.9704832068234,131.6362042988062,179.55697939647467
151,2022-05-09,84.53691743128637,75.78656983814574,35.25851570478025,96.13214295312206,149.67158287471875,74.47846599498737,70.038245819644,131.55982725924736,178.9213808908134
152,2022-05-10,84.2374573545452,75.5049300775161,35.146843001701,95.87938629152447,149.22952044216757,74.44554009779746,70.05832977645625,131.34496321846325,178.1652982892388
153,2022-05-11,83.9679833685203,75.34614675903654,35.00474232839076,95.63729281687357,148.78065232941768,74.49450449046958,70.00444278274583,131.23273371165686,177.6155060117327
154,2022-05-12,83.71037860068326,75.36513935787836,34.86681875330074,95.26970145805251,148.3066605194218,74.47232924540288,69.9341786763176,131.08868373787686,176.9431566087531
155,2022-05-13,83.4832303195945,75.37465214035316,34.721649930637156,94.9062922207174,147.65033622154002,74.45653375742799,69.79286463755935,130.9623917227501,176.1674900873702
156,2022-05-16,83.358366674282,75.55257434477775,34.61185019562858,94.64452565528688,147.04845736524788,74.4405989451489,69.74574952203831,130.88949236591532,175.68206681067795
157,2022-05-17,83.20859191516189,75.98184457755035,34.50303695945649,94.37054044719913,146.68335643843133,74.49020163754021,69.69151188091357,130.93833830049405,175.0776592797357
158,2022-05-18,83.36181845361546,76.49029734081651,34.48819808534962,94.3958777446229,146.5145222865979,74.46399570795234,69.710183855727,131.08463194054758,174.86861765376244
159,2022-05-19,83.22264416845601,76.60108406675752,34.39646921539122,94.06892878045318,146.3397139908178,74.21985092551213,69.6981460047616,131.10161781404202,174.2206000770032
160,2022-05-20,83.1585908045486,76.67350648477552,34.31625927153229,93.74059555852847,145.94680100197925,73.8648623187394,69.65932432674572,130.9899888179147,173.41286369279277
161,2022-05-23,82.96204476672509,76.91382116892758,34.17990512640941,93.24204754643975,145.5382341413669,73.52898382234122,69.6048080461578,130.93836469656787,172.36388207593893
162,2022-05-24,82.9107450980516,77.23928936984396,34.11956658044208,92.84625254728175,145.07874981336045,73.31354632676411,69.62364282155647,130.8866019958335,171.38784817208807
163,2022-05-25,82.83977823753295,77.59327325398561,34.06564372620854,92.61269940492849,144.6014641510264,73.13018906225147,69.80446104847634,130.8938939112225,170.51007778001684
164,2022-05-26,82.86438127506608,77.98535153604291,34.03759232135636,92.46513410428588,144.27527589153814,73.0937152554549,69.95307919810645,130.87040800455327,169.86223215962667
165,2022-05-27,82.99699320431421,78.60568920871535,34.05321763509511,92.47384318885403,144.0996602790085,73.15093866327531,70.10951177582749,130.8509870932502,169.65192952028036
166,2022-05-31,83.32617435992265,79.26163233816641,34.06922237146328,92.58198160032981,143.9980675392451,73.31516637681281,70.33855341456014,130.95810895977505,169.43504477325214
167,2022-06-01,83.34994592277948,79.63482722161389,34.09941406487505,92.51433884240062,143.8758720760332,73.36764951819072,70.47513058244435,130.88864109253504,169.23938708466983
168,2022-06-02,83.33063649693048,80.0782110692776,34.09383310292597,92.55189478248164,143.78195691855802,73.41066832718408,70.5717245527527,130.78389487265278,169.04286006111062
169,2022-06-03,83.53858466955793,80.47602545408773,34.11776432295235,92.7601595411127,143.88652058395976,73.41522390792105,70.7070838470282,130.7332540050552,169.06071486409684
170,2022-06-06,83.58687645374508,81.08658043427796,34.07236812999082,92.95808394322759,143.92968781055822,73.32799717319857,70.85305961792884,130.68353700004084,168.99044202794568
171,2022-06-07,83.82499291273503,81.51379028531461,34.05801560670893,93.2345344018755,144.0047359755964,73.33828449100785,71.0908893574833,130.666062799181,169.05829792179853
172,2022-06-08,84.07031438137014,82.2043066202946,34.05209316439338,93.55746265977449,144.1766137115756,73.38455312039892,71.29038895155807,130.8027878624797,169.05304369941092
173,2022-06-09,83.98330767868971,82.74226611040103,33.98837258307928,93.55735994100115,144.1802547101161,73.39855359291985,71.34383763600057,130.70864626524917,168.8232717778357
174,2022-06-10,83.72845240878623,82.96508609323331,33.90641212118008,93.4105014433465,143.84778552631636,73.24949926813852,71.35136716306735,130.45245257190268,168.4690989763855
175,2022-06-13,83.30623884358035,83.07754378876217,33.73502002087878,92.99710729435631,143.2583151284648,73.13179615189979,71.34321774146451,130.1022888558054,167.8544122758268
176,2022-06-14,82.57007236614017,82.63656646696603,33.51246277900048,92.24433765530739,142.3762650674088,72.88619980461594,71.14379641690186,129.49477661813256,166.91262634881147
177,2022-06-15,82.01881128105543,82.45235185671989,33.29963427827012,91.70983807254981,141.411287429839,72.65853093117109,70.82574981975687,128.79031160136884,165.83812831741716
178,2022-06-16,81.48117843030639,81.87933291099486,33.12374774445853,91.25699013185691,140.82720990787445,72.40869977305992,70.54761441223656,128.23517577314635,165.120697686352
179,2022-06-17,80.78973932768406,80.8862453973299,32.9416179837447,90.6945975107675,140.44111874556958,72.11373726069188,70.25068806024439,127.6544753474424,164.6834699586514
180,2022-06-21,80.3098161197066,79.56594041865476,32.79759777685926,90.18469662853968,140.03141356834038,71.86036467317425,69.99749871162976,127.2731312691613,164.419144360029
181,2022-06-22,79.90977742096723,78.99378065211361,32.655076289360025,89.8202357466204,139.62052970865685,71.75988268895325,69.80484613447601,127.18890799666352,164.20057826183677
182,2022-06-23,79.4613343080049,77.93834392673764,32.5285241829385,89.39153405471751,139.35903981347755,71.74737266247715,69.63918714666524,127.19978317907174,163.8774340318682
183,2022-06-24,79.01328540016794,76.94210196863497,32.412098349101626,89.05733607997212,139.08376902138343,71.79198236061833,69.61261934346825,127.44524686841595,163.8223411218514
184,2022-06-27,78.90212286744963,76.35305119262266,32.4064613360823,89.02868977063578,138.9816999647378,71.93049339968266,69.64793767812124,127.87839324154211,164.18768153415812
185,2022-06-28,78.59721679721116,76.0479004160043,32.35654483988575,88.885763934589,139.1221892254945,72.05518865193162,69.67508467570798,128.28071559948086,164.47544096462917
186,2022-06-29,78.25415564601045,76.07183587063062,32.29095732677009,88.74464545981598,138.92737562066057,72.13600322856131,69.65578028323654,128.39184966922426,164.15041476773268
187,2022-06-30,77.84049202558347,75.62885379740541,32.21681814498184,88.61846278382356,138.54464289603385,72.17612538806758,69.60866516771551,128.5174883815243,163.73988804289263
188,2022-07-01,77.4321187041925,75.33958856397108,32.125974019609316,88.53532661091563,138.03173034554214,72.19116917281987,69.61739065292761,128.49998778459064,163.0958732282796
189,2022-07-05,77.14669431750491,75.01240612545041,32.05499266888681,88.42260498560086,137.5361105198258,72.27751460031584,69.67919852126546,128.53248795046477,162.54637709785354
190,2022-07-06,76.65840667304285,74.56943229375214,31.964590915807225,88.14302405005117,137.16236323062157,72.27048358310445,69.63979138729887,128.43494125971324,162.02950491188864
191,2022-07-07,76.29429033043773,73.89146780430745,31.920272628042905,88.0459401351348,136.86166196091662,72.23446015022141,69.61586596283135,128.51659751403332,161.6705364383683
192,2022-07-08,76.08173426428547,73.62896074847767,31.882950376170555,88.01463781180209,136.69148766327893,72.22321700288339,69.53495407197312,128.64494842291697,161.4791585527489
193,2022-07-11,75.77960419316545,73.21752518001131,31.856758142202516,87.86965270891837,136.72041382241534,72.21109254831887,69.51620069686706,128.81309141306377,161.39495725070486
194,2022-07-12,75.50778485227676,72.892118790547,31.815903810579947,87.72239556459576,136.75072049319343,72.12997340228002,69.52204273325236,128.8866440727253,160.90097436808662
195,2022-07-13,75.2442106925406,72.33693450912818,31.74651689722516,87.56858887563023,136.51786612312068,72.09005860917998,69.51726203145154,128.88715219714607,160.1153248241673
196,2022-07-14,74.93795637452027,71.70819047897317,31.668992230793517,87.30574865444981,136.20027578701516,71.98974511016405,69.50822033741042,128.77942981994215,159.61867661782878
197,2022-07-15,74.63904288471768,71.12038623391108,31.580071950616972,87.07892848312048,135.98616731186695,71.86029987117229,69.53956571162774,128.7192203755897,159.29333516758908
198,2022-07-18,74.53873258721661,70.5679154752385,31.54951549408647,87.01478550054006,135.9125158048055,71.83386713457759,69.52576836202968,128.89169892085923,158.94478916065938
199,2022-07-19,74.50794483565706,70.2804757400222,31.511720688575664,86.92410194347678,135.80984126059772,71.79885461292494,69.53492589494874,128.892616184424,158.56857728457612
200,2022-07-20,74.76129947596549,70.39522870080488,31.57555164738195,87.16304782143035,135.7376994358579,71.81942924854351,69.4902590497671,129.065774428594,158.39186345598398
201,2022-07-21,74.9588393082228,70.53175783615463,31.627058269325424,87.33787272796923,135.79043336593853,71.81927696383894,69.35339698085875,129.12674276006834,158.48593314298512
202,2022-07-22,75.14041548922496,70.36807080914357,31.718305962403786,87.56955736692171,135.87962572042883,71.79712439947292,69.27834278028823,129.15562006481255,158.69719109549277
203,2022-07-25,75.18524886878242,70.19433736078813,31.761472185093325,87.8001194364227,136.0119368625126,71.7330190190456,69.24383844856138,128.9616353184093,158.76920260159767
204,2022-07-26,75.25385381119672,70.52614741668769,31.816905831251276,88.01879058506711,136.02720322224658,71.77019268746322,69.35061997856842,128.83569305126048,158.857330240735
205,2022-07-27,75.18161489380279,70.54254393454222,31.830162340528638,88.18247539606881,135.91119987850374,71.78583265063344,69.41497943300166,128.77918565625941,158.71150168665025
206,2022-07-28,75.1980125019607,70.59801971278218,31.88981792576302,88.41658126325001,135.97329060971163,71.82832008321083,69.46042897330459,128.82479147277843,158.51074262578615
207,2022-07-29,75.2611449496928,70.69933486388312,31.95017544286182,88.72496503198113,136.3231332499617,71.94436426819968,69.62422201594622,128.83133769908244,158.50027239353744
208,2022-08-01,75.34172511503456,70.95335726772434,32.01767559095941,89.05779831445216,136.65336616636517,72.03835633192556,69.86213941735429,128.85218399837103,158.82084683110187
209,2022-08-02,75.2622149350332,70.89531425384143,32.04898399415549,89.23677843994113,136.92654600807796,72.104062321801,70.06797884191147,128.74449461625937,158.97965809104977
210,2022-08-03,75.11276812807625,70.73882001947051,32.046829908409386,89.30854462291438,137.06253851453968,72.11531842953941,70.1811315102058,128.56703381205892,159.07159742970103
211,2022-08-04,74.99738528166233,70.48577629695384,32.092451167976094,89.53683709666157,137.2757185754259,72.17198130004299,70.3434718707023,128.390998395844,159.1735675565468
212,2022-08-05,74.94888811329221,69.91738084784424,32.10291633395477,89.82112597598933,137.70235318489318,72.17706177699573,70.46886275991308,128.34625705074217,159.32516620212624
213,2022-08-08,74.84862750551284,69.5522214531669,32.124476162547275,90.09461226432087,138.15943978215347,72.21544076264959,70.53669424990436,128.33266307273186,159.22779113158674
214,2022-08-09,74.84972730468625,69.12572243382914,32.146739647652524,90.39219344205578,138.59759480163683,72.18671403518593,70.60160785248347,128.33171941309328,159.1759940519767
215,2022-08-10,74.86063916756953,68.90287772641602,32.16385678218421,90.62488570326104,138.89012602583634,72.19354092609117,70.69169606094368,128.46010991608762,159.1238148471021
216,2022-08-11,75.08447148789746,68.70551788069464,32.213906938625215,91.02508782693234,139.1473452154105,72.17852954233986,70.74837571084686,128.54149561065122,158.944922904502
217,2022-08-12,75.33619630533444,69.05981288247843,32.27829323418911,91.43368354179654,139.35852313075782,72.19809974692824,70.93380870820184,128.73672757154185,159.07538046982012
218,2022-08-15,75.70773297971203,69.35576405464585,32.403488042386314,91.93769766003795,139.58988396484392,72.2585178934447,71.17890812004283,129.02730875003962,159.18230867197343
219,2022-08-16,75.99399877902027,69.45400305581505,32.501002245119174,92.4719600113428,139.88487750512954,72.4099828526985,71.38919012210846,129.37136177505073,159.26312816542622
220,2022-08-17,76.17489917980743,69.47909232421348,32.613216487769506,92.89059281777332,140.1236333606415,72.60926196908981,71.56943541619955,129.46283076980836,159.0638211805674
221,2022-08-18,76.32229545758261,69.72660186138744,32.70129686421638,93.3344797683349,140.25939981841336,72.73782590085509,71.74733888648777,129.54807689016616,158.96179373493197
222,2022-08-19,76.51779801125062,70.02271786409372,32.80520002663415,93.7386096622439,140.48265519233394,72.886267846718,71.9011572625037,129.53522860124087,158.83978113796044
223,2022-08-22,76.54346440882792,70.74000473896866,32.85777593053325,93.9721432391165,140.80102055251905,72.95225896540201,72.08707553083389,129.57248665941862,158.85357586001078
224,2022-08-23,76.43975864701132,71.20923195474617,32.87912017808632,93.94302491255982,140.95252968690713,72.98774130156879,72.21074449077783,129.57444656789875,158.72112169018538
225,2022-08-24,76.45126678655488,71.96653968445983,32.87236300598605,93.95856968692522,140.89385390554983,72.93420512765923,72.23732794787725,129.4508007591711,158.6879245578274
226,2022-08-25,76.49253906939117,72.80400244484643,32.90075589120471,93.9390286631399,140.8293170045908,72.92523329048949,72.28356018330146,129.38633494791742,158.72918453326741
227,2022-08-26,76.72002855323554,73.50123562428556,32.948178545937,94.05392205680529,140.8337491735458,72.9105588771483,72.35514234831395,129.34958501416045,158.5689116441826
228,2022-08-29,76.65056894760816,73.96530364419628,32.933193076723306,93.78478419654513,140.71883570741485,72.76867489388256,72.37859815570869,129.13811946787888,158.2147388427324
229,2022-08-30,76.4686780650353,74.5642112864333,32.925235549395424,93.49188895142257,140.34373212607136,72.56716010842402,72.41818061338245,128.792740040159,157.7249211254978
230,2022-08-31,76.3280495273544,74.92231181328334,32.904760524593385,93.2373273742363,139.8296570394603,72.38977434839093,72.47285969455561,128.54792305462308,157.57397209286808
231,2022-09-01,76.06569442212373,75.1665247396798,32.85310385824646,92.90514464399644,139.3777695620671,72.31058954211024,72.51963668578425,128.2546428775786,157.34070850168797
232,2022-09-02,75.7741946387974,75.13707364314641,32.80000366125944,92.74538760323244,139.12644378476466,72.29331656849092,72.6158080007271,128.1297762504374,157.3148529509752
233,2022-09-06,75.60776719761468,75.27196271463434,32.74565654354028,92.54421533133196,138.87501305628476,72.30125805382968,72.68172658384196,127.95935659892481,157.39412006054076
234,2022-09-07,75.51203497980538,75.36203642298405,32.68824127646778,92.49326681975552,138.58228000289787,72.22993049028523,72.70459380450549,127.87504753918715,157.74429487641058
235,2022-09-08,75.65774511969119,75.27854151351718,32.67291950083256,92.57538314198527,138.48725882147582,72.2865804003884,72.8383689238555,127.98643237163172,158.34173817440632
236,2022-09-09,75.78558683565703,75.3868743248107,32.6871444001391,92.57252169044224,138.44648125245604,72.34620148228092,72.93221719967838,128.2375448207705,158.80491220757006
237,2022-09-12,75.9832724244313,75.70145958939788,32.71509577538899,92.73893099462252,138.36017101876163,72.42954981718677,72.98125461441728,128.44755198397422,159.0458135274754
238,2022-09-13,76.24314304357745,76.31747870195181,32.78047201908599,92.96449652950608,138.44703022784572,72.51873357236809,73.07521872911812,128.7063258935353,159.33505369334654
239,2022-09-14,76.14505553295999,76.5828641110667,32.76699389250008,92.86338212557865,138.43403242817797,72.49533356946456,73.02011386179899,128.71156551418588,159.3484471838691
240,2022-09-15,75.94004236656039,77.24810368291027,32.73379268777771,92.76682158726929,138.1491787862667,72.4502961781105,72.95138383780846,128.60710965111548,158.95850745765682
241,2022-09-16,75.67403009781329,77.45178684017922,32.70283352586553,92.5786163376604,137.69193072565648,72.33502637704493,72.78900277716565,128.5343422746497,158.7823763700931
242,2022-09-19,75.30956923980445,77.53708870442851,32.64818804398778,92.19322283714556,137.20980116282513,72.23527989554606,72.61294646736368,128.3534499808544,158.50429426194682
243,2022-09-20,75.10421487064923,77.46123575082021,32.59903729164333,91.87517127529512,136.72198809007693,72.1117154382311,72.48513235405741,128.01121828493592,158.16133683701122
244,2022-09-21,74.79155720382701,77.31399057006188,32.528663879452054,91.43301342408475,136.17996369759646,71.96597573584944,72.39590197945012,127.58321914620201,157.80573106581897
245,2022-09-22,74.41197410718364,77.09148994639867,32.45183597093988,91.00455385500474,135.6155443384835,71.79474292590132,72.25149159879206,127.13230161638567,157.35372942007757
246,2022-09-23,74.0276572363872,76.76476903338684,32.34618315280601,90.5537871923145,135.07575621339925,71.70504723490463,72.06596154724204,126.76335709377513,156.93310025855595
247,2022-09-26,73.54315263606986,76.11474125989965,32.23869703351273,89.99466689786146,134.6618287695699,71.52151824508684,72.0093789515339,126.52851782413802,156.77050118192318
248,2022-09-27,73.04374774454152,75.10141873720612,32.107642732663486,89.52304098712804,134.38448317342943,71.34809836757297,71.90234382830758,126.25916568799903,156.61761764014165
249,2022-09-28,72.61836397509178,74.32978929404598,31.947928226106676,88.99072540114649,134.11938457237966,71.14055699593325,71.68187739732375,126.0939328649894,156.3891449444659
250,2022-09-29,72.51717251319272,74.0832975854496,31.872381731292954,88.83176320803334,133.95372317537198,70.97690602021308,71.62695411527275,126.22180864454451,156.709060215949
251,2022-09-30,72.30912827376999,73.97751140598167,31.76788787682712,88.51316136704,133.94717583653312,70.85743056922105,71.42204140173915,126.42561273040376,156.8927812665799
252,2022-10-03,72.09345169309556,73.47754741546755,31.655132956929872,88.06991274028418,133.7087025418835,70.70189928434502,71.11864372648417,126.39359429287659,156.83818034284118
253,2022-10-04,72.19214873096574,73.85042912089118,31.62101423930363,87.98150122465977,133.45203232769902,70.5988154997458,70.95155397199167,126.51627664491029,156.83475554515763
254,2022-10-05,72.46764842390766,74.62923899440102,31.631500101062088,88.05882889550384,133.4354016026583,70.58068389960067,70.86660650508807,126.66834442610899,156.91337781833926
255,2022-10-06,72.42758857028062,75.36095266219095,31.6205390986927,87.99036194170284,133.35529963476793,70.54870087153911,70.75102748191777,126.80520146977673,156.61840099693399
256,2022-10-07,72.33708039854507,76.06318844848491,31.631095671032092,87.99680632188736,133.24566602017902,70.43650268536587,70.48756917331185,126.72626401105869,156.2641708766941
257,2022-10-10,72.03556647997401,76.51468401904299,31.589397986383233,87.83702971564273,132.93991902078938,70.2773651690814,70.15455118388687,126.51022534499018,155.96989143389663
258,2022-10-11,71.79175889152641,76.91845908821517,31.529689799375227,87.68245263587715,132.4779239376918,70.18112123578784,69.91067903799606,126.26290073244263,155.6675013823591
259,2022-10-12,71.48683625804738,77.19913252981065,31.420779120573307,87.48170102181035,132.02761880112772,70.09904950032035,69.61127310785963,126.09391966695249,155.46237654034746
260,2022-10-13,71.1100424111149,77.36765733313769,31.31846349693,87.14088013186964,131.5717754716617,70.01805023798511,69.18336429271021,125.8338259537011,155.22220125844478
261,2022-10-14,71.09842826683175,77.98597377132717,31.303112402273413,87.09278573478099,131.2448444807639,69.98295995393012,68.9527134328082,125.76558550389309,155.03013077078344
262,2022-10-17,70.72591933023307,78.0686692526805,31.262258070650848,86.7621340034009,130.93913784721173,69.91131486057611,68.62999884195983,125.70072375153231,154.6957425049054
263,2022-10-18,70.61236175292925,77.98415239387259,31.269668022138546,86.64895258929116,130.67060814997637,69.84899153520237,68.45225191069588,125.70744155231604,154.44125185527946
264,2022-10-19,70.65880011049732,78.01387546079515,31.29876542619411,86.78712401354338,130.5546048062335,69.8835245220406,68.33583696913604,125.81048522543779,154.37370166163822
265,2022-10-20,70.53147351131301,78.29740871224011,31.292252291830486,86.80054593325974,130.39771894229344,69.89019264804108,68.18673981009171,125.68411402208963,154.43116852486108
266,2022-10-21,70.3878851225434,78.57656365249622,31.265868621899422,86.69980816483456,130.30672627145162,69.77965339311771,67.94416693810223,125.57463630597758,154.44304306745704
267,2022-10-24,70.55211793435144,79.01458226611958,31.284267170129556,86.8793190039858,130.3826947775843,69.72925039600236,67.77927186072984,125.64519961028054,154.5791226507299
268,2022-10-25,70.6590286832171,79.55648944763205,31.33265304094607,87.12932671555401,130.56079692570256,69.74251212570107,67.67211463706458,125.97802110588702,154.92122984695186
269,2022-10-26,71.04670789184794,80.02368512701793,31.387737445820118,87.49908495135553,130.87158158160938,69.87186988199021,67.66447553268081,126.24371738580383,155.3034028771621
270,2022-10-27,71.3929591231812,80.58643513017108,31.46185162020779,87.86204907400615,131.0892422504556,70.02161434809227,67.62983344661262,126.68738259434186,155.73648454574237
271,2022-10-28,71.6007880404766,81.00218307761074,31.551139250475543,88.18014465818803,130.99837067712625,70.13033590686098,67.62507779105567,126.94632147936422,156.00962290827846
272,2022-10-31,71.88671926232546,81.59897058704149,31.68590068287903,88.62817704495939,130.81938855375097,70.24858335991608,67.73788607349663,127.3242736621612,156.13655536803108
273,2022-11-01,71.91301506304418,82.2361086123887,31.78966846040402,88.92674138809625,130.70026089418735,70.40798332430845,67.82383539015547,127.61981070351614,156.08248464309696
274,2022-11-02,71.96661370950788,82.87557692947925,31.907505056562997,89.28608345114412,130.56866019084316,70.50305110126665,67.93629302518208,127.81606551226675,155.95692783429672
275,2022-11-03,71.80531756025175,83.05202390058093,31.98719156965816,89.47972790436987,130.3816210463074,70.4858299692489,67.98160794192415,127.83244427606363,155.737903185787
276,2022-11-04,71.72706949918135,83.61801488420471,32.05368969708443,89.75204760091847,130.0991732083098,70.43995015186952,68.07009005999548,127.81108985235424,155.75582963726032
277,2022-11-07,71.89813796036998,84.02764761865214,32.124113986401014,89.965462972327,129.8773306387009,70.39269329194875,68.16933580137476,127.7981425781522,155.77740060844428
278,2022-11-08,72.0717571606054,84.53328177970354,32.19548338299451,90.15604298214811,129.7575974915751,70.41864973382913,68.07785752637913,127.8616383336935,155.71815208617545
279,2022-11-09,72.33482779782841,84.8490929714236,32.29268197508563,90.4111254902563,129.67690618245757,70.39655873136496,68.07323649438305,127.9463367355198,155.47115109173473
280,2022-11-10,72.47592673154134,84.7551890134268,32.345776998127704,90.54824526992431,129.56453576408768,70.41210149153225,68.02790592373856,127.9483956292767,155.0651286684506
281,2022-11-11,73.10386236984294,84.91120935999845,32.519346466927374,91.05939345154268,129.63023520116607,70.44752550589727,68.17671192019776,128.17548765125161,155.09776694260916
282,2022-11-14,73.64396976873218,85.41520345718806,32.6772759624776,91.45422485077937,130.05202591013605,70.52378450179,68.29865582009438,128.32009194258157,155.2267772084878
283,2022-11-15,74.05830585672602,86.09676125238022,32.81805210588152,91.81454274217396,130.38057153453298,70.56294435156734,68.3860640804593,128.42402648319427,155.16723253913895
284,2022-11-16,74.43780613716658,86.62627523775106,32.95114149174309,92.3401498139824,130.57536899303193,70.61313674217637,68.48793967744612,128.56187337962976,155.22599385169548
285,2022-11-17,74.7126565510784,86.96859530088562,33.048494439858445,92.69406734752391,130.77421110844614,70.68796037372594,68.62715296249883,128.66128759260312,155.15623210808565
286,2022-11-18,74.93804912866742,87.28774843178135,33.09072072921602,93.0714120984421,130.8107260450283,70.76286176767785,68.6296043636187,128.80348984121667,155.0685248067393
287,2022-11-21,75.24027857923082,87.62106874749337,33.13876080804526,93.4362887468249,130.79035744343713,70.9370592692151,68.7005478494122,129.09611671543445,154.79223391077065
288,2022-11-22,75.52734272673422,87.71212113716764,33.18235646816538,93.77952597362417,130.73432158785087,71.11012597581833,68.74180840542601,129.32026557517997,154.54948883646387
289,2022-11-23,75.95236541753968,88.24904013449742,33.26368053483615,94.15712507579062,130.61697002513625,71.31558396309542,68.8231930441375,129.6009680230557,154.15578517639574
290,2022-11-25,76.32605531319054,88.73542620937177,33.34543748823411,94.49106380791757,130.57429526175503,71.47548290290278,68.89417096851636,129.85452870804005,153.81152852556068
291,2022-11-28,76.6322102517675,89.0655199672853,33.423650289343655,94.8468767473957,130.5294488163175,71.64974196634188,68.95054693271246,130.11318383526898,153.2998150306672
292,2022-11-29,76.77756925095338,89.10156016461022,33.45904007277845,95.01670022794697,130.4138975699544,71.77890855672527,68.96543066313887,130.20709446685373,152.73675345334954
293,2022-11-30,76.91021099403453,89.32239187906731,33.527932874390835,95.27792385128983,130.1827304918882,71.88573789703709,68.91168455455029,130.3716079968521,152.0843032235215
294,2022-12-01,77.2695736865979,89.64922199231114,33.624830515350894,95.61483653647348,130.25876358336086,72.01997524407292,68.9688212984043,130.59527512825068,151.7963622835498
295,2022-12-02,77.58679949516755,89.91267476335773,33.700865085637915,95.8208023511298,130.68431638838373,72.09205127073989,69.0690908050022,130.84276471625952,151.8989820233453
296,2022-12-05,77.9843537078224,89.89430439980015,33.78074389702026,96.06220125121811,131.00604018624696,72.18447512601861,69.10508538823998,131.09836449794537,151.8753284694695
297,2022-12-06,78.16743383106773,89.59405733171332,33.78645248294468,96.11320845923646,131.11354248461706,72.230455386501,69.03732590619987,131.27401717109007,151.56106387533598
298,2022-12-07,78.26835365582153,89.14478697343006,33.7720896117729,96.03501012450408,130.93813677444228,72.25630490507817,68.98870801604596,131.28881876947702,150.9526058165895
299,2022-12-08,78.45798619703382,88.75918241078705,33.76754343881315,96.1079404535752,130.55505690361326,72.22604237016833,68.98909310204564,131.44660130065478,150.50674205791
300,2022-12-09,78.58056742779667,88.2711150644162,33.75170426868327,96.19706610924283,130.3010346883673,72.24125140002559,68.96490469201737,131.69437464645705,150.26136987240943
301,2022-12-12,78.57810613024891,87.68782511573754,33.72008801576287,96.20771462207904,130.1505104804137,72.25499266453872,68.98158862122273,131.7898756414886,150.10034706249294
302,2022-12-13,78.72252102472265,87.35565449303418,33.74824979810725,96.5378674337029,129.9851558637708,72.32451225222883,69.12169104793323,132.08633654542678,150.0312397083987
303,2022-12-14,78.99779877024102,87.31822559841925,33.78357576955437,96.80949011000385,130.08600587212462,72.39222710416468,69.25122709050633,132.37679894159243,149.86633355048116
304,2022-12-15,79.20795647915966,87.15892100336052,33.77789132870636,97.07809970228683,130.31543721917927,72.53078674473046,69.40863647173875,132.80099704569824,149.72168958471656
305,2022-12-16,79.17471074270048,87.08264155073289,33.72735740841286,97.09604613940031,130.39680667436645,72.61801347945293,69.41401515261222,133.03896425008142,149.60441056445967
306,2022-12-19,79.05085082976612,86.89053155767465,33.65546199408312,97.0406073500179,130.13056168353228,72.59793781924935,69.26123932649784,133.17200706108414,149.19182991632266
307,2022-12-20,78.82994689036983,86.67729853105966,33.58784025827928,96.96245303761697,129.77129765681497,72.59592247698876,69.11722968574189,133.15269833309475,148.6533342169499
308,2022-12-21,78.69109393207734,86.58055124626728,33.52040995843847,96.85859457503034,129.43331449961582,72.5909780842401,68.97714917449478,133.12799160801197,147.93311884801932
309,2022-12-22,78.64911274254493,86.62367091523684,33.51750392602679,96.92036279739852,129.19567274121823,72.58986997000679,68.92581689766025,133.06945831434626,147.18608306208301
310,2022-12-23,78.60552823132595,86.52368883111905,33.517931638809046,97.00669548070536,129.0831731521684,72.62585128158858,68.95952601114388,133.16680043552583,146.62461208117907
311,2022-12-27,78.65684115059187,86.56602967579244,33.53656818850672,97.10214567798863,128.90718617393398,72.74765312445055,68.93355931780003,133.2179362295073,145.97875828873035
312,2022-12-28,78.68085453676093,86.7543403249296,33.54581747742294,97.1325553262673,128.7142213244565,72.86879074679254,69.00064255125537,133.20120771773247,145.34010755751845
313,2022-12-29,78.59347019219567,86.62208442130017,33.53628362153466,96.97660377148702,128.41217183577982,72.93459393967092,69.00373889315517,133.0627867066917,144.6865252815942
314,2022-12-30,78.5851355695441,86.44024749157731,33.53636295535718,96.94982841123651,128.04871783513232,73.02377445475213,68.97018318791532,133.04417747465817,143.91829587317264
315,2023-01-03,78.5601250762931,86.350225292771,33.50527789411796,96.90958710893818,127.82290326711566,73.08742622116581,68.92989317385192,132.99794475138629,143.23568640683982
316,2023-01-04,78.55161488329153,85.91716189722257,33.53551787768256,96.9369494336078,127.61057088881645,73.10731395556374,68.89089930290938,133.0526704114054,142.59967711651913
317,2023-01-05,78.73784533489206,85.43934288960622,33.57626269413709,97.15239472363231,127.48762462102746,73.15690692765475,68.87496676102045,133.1913751802396,142.13636456294702
318,2023-01-06,78.6633306282447,85.40407739581403,33.60391225593176,97.2047812980355,127.28307477619396,73.15928840122635,68.77189207510783,133.23346371992392,141.89236325183302
319,2023-01-09,78.90766824039031,85.45508832683223,33.689263376419305,97.55422078219641,127.11225462515662,73.26585529343028,68.78916146026391,133.35233843831105,141.68018819869042
320,2023-01-10,79.14927291784295,85.37690920224404,33.74870338061424,97.73759335808819,127.04417360366708,73.37108078419388,68.84975458577352,133.36337199716212,141.53598367698004
321,2023-01-11,79.34540818730048,85.31820068506042,33.84409885289146,97.95013317423825,127.039806020052,73.41515262571889,68.8644755156147,133.3975945068521,141.36515457746196
322,2023-01-12,79.78351583815116,85.52825248227514,33.95360367303809,98.29096384691928,127.31875817652406,73.47337722446942,69.0323855345943,133.50519150270546,141.51982933142108
323,2023-01-13,80.12333390684952,85.94900303656965,34.063206798138694,98.59775547466364,127.77041153205991,73.54036953408354,69.14026283777113,133.7071412643798,141.8356128734812
324,2023-01-17,80.37764921511064,86.0269225530591,34.17591429020726,98.79202602326973,128.21930386431228,73.57961038636331,69.13713518806648,133.9318906348044,142.14148504149202
325,2023-01-18,80.5145410857204,86.08663653652985,34.23521287324033,98.88417454569564,128.54197222277247,73.6232253737746,69.06737200651585,134.04468765719764,142.18379586140958
326,2023-01-19,80.53119376778301,85.97657506495987,34.24664039297906,98.80406368523109,128.6994797206097,73.50515288612475,68.94707489715444,133.928129194287,142.0711787693802
327,2023-01-20,80.49706355427773,85.94524902104678,34.23399527152956,98.60889312451573,128.67943404571838,73.36255932093768,68.88452816462208,133.8648116122439,141.89531039293587
328,2023-01-23,80.66476305233573,86.13430552837235,34.25823175430778,98.62757815852322,128.6052577827697,73.27069924307591,68.82149303033407,133.83807238947801,141.9625835457603
329,2023-01-24,80.74890762704676,86.35564821749998,34.306449471913524,98.61309481148234,128.82339476849816,73.24492748690108,68.81128981673297,133.90823975267386,142.20552923583097
330,2023-01-25,80.92733016704562,86.42726708664094,34.379583183733814,98.67506358002706,129.20749993159913,73.22505919310373,68.87324170097313,133.9278982286412,142.4953616958622
331,2023-01-26,81.13380089861482,86.41661903382965,34.47874183863554,98.71993700986599,129.55363698796876,73.20071308097178,68.9306132533635,134.02274592084606,142.78551418580247
332,2023-01-27,81.28874338879075,86.58909770970791,34.53520337518954,98.77908345782893,129.94709895219702,73.22339378165367,68.92235112366319,134.02413831373934,143.15682052880203
333,2023-01-30,81.46811334614983,86.84605615752284,34.609951357833175,98.92062992749088,130.3170114868409,73.22554196801826,68.97927184366372,133.966852234561,143.90849436013687
334,2023-01-31,81.5390802066685,86.74639137219239,34.65247773599765,98.90354437152538,130.68533360748816,73.2614422770976,68.94474872725397,133.88937315892076,144.3940991463298
335,2023-02-01,81.76770592881553,86.72721333899433,34.72095662201431,99.08180057423083,131.10947360819932,73.31875964782084,68.92590455951384,133.84706685162755,144.8387878698208
336,2023-02-02,81.9995250437432,86.38344276711769,34.78067256993974,99.32294512307088,131.70616949095933,73.42258541534235,68.99004799009361,133.9492196572583,145.44777612737184
337,2023-02-03,82.22041241989893,86.1020646749685,34.863495355996704,99.65972574126023,132.4350473451232,73.47936492944945,69.12053265915372,134.06775782570443,146.2097243517573
338,2023-02-06,82.19221847181163,85.75241789438098,34.921755700743816,99.84947177246923,133.08748844943963,73.57261177015289,69.07658902426414,134.1696400715787,146.64769244715802
339,2023-02-07,82.12399779657841,85.46356473729384,34.99284915360683,99.95033671651854,133.55835594361477,73.6590349600512,69.064811028079,134.15652782191535,146.8968190133828
340,2023-02-08,82.13206409473287,85.57074579519698,35.06074510849283,100.06628175476811,133.94695786101073,73.69790968101998,69.0580234959872,134.17822539458422,146.9651764466454
341,2023-02-09,81.96395382830889,85.56804669512292,35.1016606651306,100.077135705151,134.2472716186759,73.65343930718298,69.02713208494022,134.10354430276746,146.94065355779276
342,2023-02-10,81.7297065423146,85.52776623218546,35.11928312161874,99.98070234246578,134.4854381329607,73.56099925140377,68.89859163056138,133.9689903165393,146.85851573217727
343,2023-02-13,81.64988166074254,85.9705958371622,35.13806626642324,100.02559533778532,134.59746140512826,73.50159849631788,68.80179729030198,133.87645228079253,146.58262129117057
344,2023-02-14,81.63672382243884,86.31788142028034,35.180109743059376,100.17739901067074,134.7384834949397,73.50643920586342,68.78875445880084,133.8570379685079,146.36151883653486
345,2023-02-15,81.66996293360181,86.6091081371273,35.19934819501917,100.33079237885784,135.0359797171489,73.52805067351318,68.77175432076648,133.81498242391586,146.29913688709672
346,2023-02-16,81.80154794193501,86.85214664593425,35.233065069587894,100.5771658023979,135.3432283256927,73.48920835354538,68.76549275979617,133.77601521995916,146.61015819304737
347,2023-02-17,81.73863081633024,86.88866073105842,35.2544576072938,100.56142048185598,135.61205673012543,73.46455119180406,68.72168061768699,133.77387713798083,146.86478736308172
348,2023-02-21,81.61935560838388,86.53947135521628,35.283757657526436,100.63393993583372,135.7960361441804,73.48298736135834,68.75112560814982,133.7694887907105,147.01878862126205
349,2023-02-22,81.40140655110415,86.11176495218126,35.257391234078526,100.50818280904514,135.8366038108453,73.4796532983581,68.75773468575397,133.6875619766339,147.0662199197246
350,2023-02-23,81.32781938592832,85.70197562872191,35.241379599117096,100.45093421270387,135.7678527164536,73.44501662831675,68.7516985409786,133.4654852086822,147.05739760267926
351,2023-02-24,81.36977738692394,85.7760216275478,35.24933367714834,100.56365583801866,135.92011265541876,73.41415467488889,68.70940169662421,133.43908913487576,147.33294335438205
352,2023-02-27,81.36415251042857,85.51237930138151,35.21950415988284,100.40513142253474,136.1522808062544,73.38513633841646,68.53955059374383,133.1775502365835,147.21363429365724
353,2023-02-28,81.39205163283384,85.18325392288386,35.19672155563461,100.41978596753118,136.13803166562485,73.29343178535936,68.44201738928993,132.9415231436251,146.98755465745074
354,2023-03-01,81.46582761895206,84.94231288268406,35.194420874781684,100.37634570914886,136.1052626787606,73.21719547016733,68.32147607905065,132.67810352507408,146.83856401680183
355,2023-03-02,81.63690270543692,84.8026972954939,35.1755618454513,100.32278031453735,135.9613584681533,73.10356191965093,68.10471336138076,132.46688874149368,146.59051217788357
356,2023-03-03,81.90814564555401,84.90692788675119,35.15867581379389,100.45607993411116,135.8331727146597,73.02624665112646,67.99050875084343,132.36533644654202,146.30315397894032
357,2023-03-06,82.24753638264583,85.10361604802665,35.17970100140859,100.66442784603494,135.97950694868317,73.02188871649543,68.0262935717887,132.38420304029512,146.23639191865726
358,2023-03-07,82.3288784570535,85.3769586514057,35.20343043758204,100.87571058005413,136.214008244925,73.05109173867342,68.06550659736521,132.3808507389217,146.1769857697168
359,2023-03-08,82.23360669733188,85.45935743778907,35.17128644227709,100.89058034533758,136.44385939668942,73.03879231870363,68.04706943108816,132.2507114960377,146.13729250786145
360,2023-03-09,82.15263895216094,85.16703871862208,35.14178805748817,100.89948753039715,136.59475497034785,72.99346655844091,68.01287817740983,132.0802786464882,146.19722407904067
361,2023-03-10,81.86534954458587,84.95013409175367,35.001589671269954,100.74164790673551,136.6507988991016,72.91367585344202,67.93840943279004,131.79771527540913,146.0332636811529
362,2023-03-13,81.49829488310478,84.66332483334857,34.82977330748304,100.4313540579573,136.5383396758893,72.80366797493463,67.79578359700851,131.4470500339095,145.77265902729414
363,2023-03-14,81.20140210865095,84.2963749669427,34.58848983419465,100.20312761770722,136.35587801732345,72.72618422120507,67.742657382956,131.22674840192127,145.64556416430406
364,2023-03-15,81.04080824079472,83.85296845507989,34.410606157633666,100.05100600576148,136.41900211397078,72.6875784285444,67.75122319836336,131.19129847479925,145.72045116302468
365,2023-03-16,80.58441808500999,82.89650216638937,34.147364461991884,99.6289541315898,136.57454783210662,72.70884644558382,67.72819943867557,131.06628666925212,145.52559593749788
366,2023-03-17,80.3297218222159,82.18631948773992,33.98575974088125,99.50376440373964,136.7955104264585,72.72742841964248,67.76276012445115,131.06073029571587,145.41209518079427
367,2023-03-20,79.94803850666906,81.33122604083896,33.73766218209818,99.19562764920155,137.1655682781173,72.71111127555191,67.73774518837479,130.90375944380764,145.24556499050243
368,2023-03-21,79.84557498789474,80.8156340548578,33.56637356069581,99.08981752992148,137.45968991631338,72.75593158019943,67.76847066805605,130.8790329216695,145.19420735494663
369,2023-03-22,79.79735276931797,80.70171966944163,33.44631044356148,99.13784589351297,137.8711631172241,72.81223155949209,67.70179130528332,130.8736877167237,145.36741040767072
370,2023-03-23,79.59362159773798,80.28895721513733,33.291963042562614,98.95665976008227,138.3203864493438,72.80405354684622,67.59767720024963,130.78973500398246,145.42100825258996
371,2023-03-24,79.40754352795065,79.87695916245706,33.14807045965253,98.8692216271195,138.697798956591,72.72627818410791,67.44791318496196,130.62137424622676,145.41014634194505
372,2023-03-27,79.35993746192284,79.65240433820311,33.014939682231386,98.83294722602015,139.1021193311007,72.72692620412738,67.4638238113875,130.64932108936927,145.386029461186
373,2023-03-28,79.27542849591941,79.51724535670776,32.91292845901577,98.73499753858562,139.4931593450803,72.78709486293636,67.43132004839066,130.5875410786254,145.34019353570298
374,2023-03-29,79.18123665948252,79.44656808202012,32.80739722858814,98.70158948039946,139.6724643951554,72.81137941316646,67.39999972041721,130.43080779138143,145.21247771915802
375,2023-03-30,79.19454025430318,79.63898095119353,32.76225283428067,98.7401579341034,139.7655964553835,72.80459140346238,67.39059485583982,130.2581048794846,145.19832475467217
376,2023-03-31,79.23133383689108,79.81290807543216,32.73000536007679,98.86161065515205,140.07408025855412,72.82731746554565,67.42642663849237,130.14720837440544,145.31376479709337
377,2023-04-03,79.37270109510112,80.14090230435679,32.71681697440789,99.04601041877723,140.62476715975725,72.898275657679,67.49476218414176,130.17617146638952,145.62535451437506
378,2023-04-04,79.55189216946212,80.80499012280998,32.71216387325258,99.22846830844927,141.19473278493967,73.01077841326139,67.55847043623409,130.3338286162167,145.98198247065
379,2023-04-05,79.51006667439101,81.08079282198173,32.67330927135187,99.20039184373644,141.67696729894845,73.12004106874637,67.62712219071247,130.4791060074287,146.2679315826802
380,2023-04-06,79.45273798615239,81.41957108891222,32.634166653182476,98.93412032638948,142.03916995863415,73.23183748250753,67.78465054160331,130.73368294125456,146.3000969768239
381,2023-04-10,79.41893572481027,81.60565034462937,32.59334164058127,98.77355131817907,142.27161259716462,73.32060650487637,67.97635136148958,130.97370903939463,146.41930095310096
382,2023-04-11,79.36918968810164,81.66930377797922,32.558802971090195,98.64241368421555,142.59448278481221,73.3907319912847,68.08491117481218,131.11180009951283,146.57408556807366
383,2023-04-12,79.45247628695148,81.8333472510306,32.53194847216899,98.6099496604701,142.8335212011865,73.47241167464038,68.16369413494051,131.24876932649425,146.84534674024763
384,2023-04-13,79.60239017729234,82.10593369431257,32.530087576636525,98.67532771401565,142.99906150068176,73.50210071183298,68.23149118634645,131.37618317475776,147.13377488993163
385,2023-04-14,79.79644841638319,82.25090009287095,32.54404343080584,98.78982979806833,143.20946439194952,73.55555588324012,68.28786401976207,131.5436926591332,147.43321302380053
386,2023-04-17,79.95835409289205,82.39508972751489,32.58790641141486,98.90675800171988,143.47894672294936,73.613326867977,68.33387396977184,131.5731440784827,147.7663975950952
387,2023-04-18,80.1397977679697,82.63224996722926,32.64796039041013,99.10579274486085,143.78283689381504,73.67218652634662,68.4129700079487,131.62430626853796,148.16037351941435
388,2023-04-19,80.3336837493587,82.84906187691956,32.70524975815559,99.24443374064833,144.11947990520994,73.77219869605347,68.47894807589276,131.58606495661093,148.53003672377633
389,2023-04-20,80.55217276828083,82.9409961099768,32.7697378079701,99.43519717685041,144.42167471090156,73.86675129709619,68.61556907470377,131.6301727959414,148.98063883573627
390,2023-04-21,80.6643390333773,82.94867721308836,32.80238022663824,99.55647869994348,144.7199055913529,73.94675584870153,68.62933511649697,131.57298570203983,149.2514462341586
391,2023-04-24,80.70732395528788,82.98207806140954,32.81664996680099,99.65090170949335,144.9872888988039,74.04409817592813,68.63882138136698,131.6587663428922,149.48765696644156
392,2023-04-25,80.77524649219094,83.09767989946744,32.81952323089467,99.75115034090263,145.15319249083646,74.16804496505458,68.67009474763316,131.8165092799593,149.7433751934799
393,2023-04-26,80.56186557665862,83.03428401383457,32.77752459511474,99.6040521661102,145.10469697369098,74.27750850674559,68.67805632240689,131.86473490680356,149.70036699495455
394,2023-04-27,80.28544165489326,82.83415089429661,32.71138778151058,99.28464080335553,145.00046430815655,74.33534429348444,68.61160863739005,131.7422637233603,149.5881606875846
395,2023-04-28,80.15666908480776,82.76986904451729,32.68669426692874,99.16758542407985,145.1143444088481,74.40657789412606,68.61141139821949,131.7204077742486,149.56923115729182
396,2023-05-01,80.14138783906381,82.87264088550555,32.677251817401185,99.08271036908042,145.34472838966724,74.47078047755632,68.60416677217685,131.72742253086267,149.683806641302
